{
  "title": {
    "precision": 0.9722222222222222,
    "recall": 0.84,
    "f1-score": 0.9012875536480687,
    "support": 125,
    "confused_with": {
      "user": 2
    }
  },
  "genre": {
    "precision": 0.896551724137931,
    "recall": 0.8253968253968254,
    "f1-score": 0.8595041322314049,
    "support": 63,
    "confused_with": {}
  },
  "user": {
    "precision": 0.6,
    "recall": 1.0,
    "f1-score": 0.7499999999999999,
    "support": 3,
    "confused_with": {}
  },
  "search_string": {
    "precision": 1.0,
    "recall": 0.7454545454545455,
    "f1-score": 0.8541666666666666,
    "support": 55,
    "confused_with": {
      "title": 3
    }
  },
  "micro avg": {
    "precision": 0.9481132075471698,
    "recall": 0.8170731707317073,
    "f1-score": 0.8777292576419213,
    "support": 246
  },
  "macro avg": {
    "precision": 0.8671934865900384,
    "recall": 0.8527128427128428,
    "f1-score": 0.841239588136535,
    "support": 246
  },
  "weighted avg": {
    "precision": 0.9545143756035261,
    "recall": 0.8170731707317073,
    "f1-score": 0.8782067935091615,
    "support": 246
  },
  "accuracy": 0.9714625445897741
}