{
  "title": {
    "precision": 0.9818181818181818,
    "recall": 0.864,
    "f1-score": 0.9191489361702128,
    "support": 125,
    "confused_with": {
      "genre": 2
    }
  },
  "user": {
    "precision": 0.0,
    "recall": 0.0,
    "f1-score": 0.0,
    "support": 1,
    "confused_with": {}
  },
  "genre": {
    "precision": 0.8793103448275862,
    "recall": 0.8095238095238095,
    "f1-score": 0.8429752066115702,
    "support": 63,
    "confused_with": {}
  },
  "search_string": {
    "precision": 1.0,
    "recall": 0.7818181818181819,
    "f1-score": 0.8775510204081634,
    "support": 55,
    "confused_with": {
      "title": 2
    }
  },
  "micro avg": {
    "precision": 0.957345971563981,
    "recall": 0.8278688524590164,
    "f1-score": 0.887912087912088,
    "support": 244
  },
  "macro avg": {
    "precision": 0.7152821316614419,
    "recall": 0.6138354978354978,
    "f1-score": 0.6599187907974866,
    "support": 244
  },
  "weighted avg": {
    "precision": 0.955425510046765,
    "recall": 0.8278688524590164,
    "f1-score": 0.8863375457387479,
    "support": 244
  },
  "accuracy": 0.9717868338557993
}